{"stats":{"minecraft:broken":{"minecraft:wooden_axe":1},"minecraft:killed":{"hordes:zombie_player":1,"undead_revamp2:thesmoker":8,"undead_revamp2:thepregnant":1,"zombie_extreme:runner":1,"minecraft:husk":23,"undead_revamp2:the_moonflower":2,"minecraft:zombie":173,"alexsmobs:fly":1,"alexsmobs:crow":1},"minecraft:killed_by":{"minecraft:player":1,"hordes:zombie_player":1,"minecraft:zombie":2,"undead_revamp2:thesmoker":1},"minecraft:picked_up":{"biomesoplenty:redwood_log":82,"apocalypsenow:energy_drink":1,"minecraft:crafting_table":1,"tac:glock_18":2,"apocalypsenow:fire_figther_boots":2,"apocalypsenow:blue_football_armor_helmet":1,"minecraft:brown_bed":3,"minecraft:potion":17,"apocalypsenow:u_sarmy_helmet":4,"apocalypsenow:can_opener":3,"create:bar_of_chocolate":38,"minecraft:string":185,"nameless_trinkets:broken_magnet":1,"minecraft:smooth_stone":2,"embellishcraft:smooth_basalt":1,"apocalypsenow:cleaver":1,"quark:black_shard":7,"farmersdelight:canvas_rug":1,"minecraft:iron_boots":1,"minecraft:furnace":1,"simplylight:illuminant_panel":2,"minecraft:stick":4,"apocalypsenow:canned_pork":4,"tac:m4":3,"minecraft:torch":97,"minecraft:bowl":5,"minecraft:cookie":3,"tac:b_magnum":36,"apocalypsenow:fire_figther_leggings":1,"minecraft:brown_carpet":3,"biomesoplenty:redwood_planks":17,"apocalypsenow:porpsi":12,"minecraft:rotten_flesh":319,"farmersdelight:hamburger":3,"minecraft:iron_block":2,"biomesoplenty:redwood_sapling":4,"firstaid:bandage":50,"farmersdelight:melon_juice":6,"apocalypsenow:fire_figther_chestplate":2,"minecraft:cobblestone":174,"tac:round45":55,"minecraft:leather_chestplate":2,"minecraft:feather":1,"apocalypsenow:anarchy_boots":1,"apocalypsenow:peach_juice":16,"minecraft:iron_door":5,"apocalypsenow:coffee":29,"contenttweaker:rubber":2,"apocalypsenow:cereal":32,"farmersdelight:bacon":3,"minecraft:potato":4,"minecraft:flint":1,"minecraft:birch_planks":6,"minecraft:oak_log":3,"quark:iron_ladder":1,"embellishcraft:polished_marble":1,"artifacts:superstitious_hat":1,"apocalypsenow:construction_chestplate":1,"refinedstorage:improved_processor":2,"minecraft:dirt":76,"apocalypsenow:canned_tomatos":10,"minecraft:lantern":2,"apocalypsenow:u_sarmy_leggings":4,"minecraft:bone":176,"apocalypsenow:construction_leggings":2,"minecraft:apple":3,"minecraft:stone_bricks":41,"apocalypsenow:human_flesh":2,"farmersdelight:apple_cider":5,"apocalypsenow:money":31,"minecraft:iron_ingot":5,"artifacts:antidote_vessel":1,"minecraft:glass_bottle":10,"tac:9mm_round":54,"apocalypsenow:red_football_armor_helmet":1,"apocalypsenow:grape_juice":3,"apocalypsenow:canned_carrot":11,"quark:smooth_stone_vertical_slab":1,"apocalypsenow:u_sarmy_chestplate":4,"farmersdelight:stuffed_pumpkin_block":1,"nameless_trinkets:experience_battery":1,"apocalypsenow:small_can":17,"apocalypsenow:anarchy_helmet":1,"apocalypsenow:tatical_mace":2,"apocalypsenow:chips":3,"minecraft:gravel":8,"apocalypsenow:police_leggings":1,"minecraft:spruce_sapling":1,"embellishcraft:red_pillow":1,"minecraft:diamond_block":1,"apocalypsenow:dagger":2,"minecraft:shulker_box":9,"apocalypsenow:coke":38,"apocalypsenow:red_football_armor_leggings":1,"apocalypsenow:expedition_knife":1,"immersiveengineering:seed":1,"minecraft:diamond":8,"minecraft:polished_blackstone_button":2,"quark:oak_hedge":1,"quark:framed_glass_pane":3,"quark:gray_shard":13,"apocalypsenow:construction_helmet":1,"minecraft:coal":5,"minecraft:shulker_shell":4,"apocalypsenow:apple_juice":6,"minecraft:diamond_pickaxe":1},"minecraft:dropped":{"minecraft:iron_ingot":2,"contenttweaker:rubber":1,"quark:smooth_stone_vertical_slab":1,"minecraft:glass_bottle":11,"minecraft:cobblestone":58,"apocalypsenow:police_leggings":1,"farmersdelight:chicken_cuts":1,"quark:gray_shard":13,"minecraft:flint":1,"cold_sweat:hoglin_hide":1,"minecraft:dirt":21,"firstaid:bandage":2,"tac:m4":1,"chalk:red_chalk":1,"minecraft:torch":18,"biomesoplenty:redwood_log":24,"minecraft:iron_door":2,"apocalypsenow:construction_helmet":1,"tac:10_gauge_round":6,"minecraft:smooth_stone":1,"minecraft:string":57,"chalk:blue_chalk":1,"minecraft:bone":40,"farmersdelight:melon_juice":1,"apocalypsenow:u_sarmy_chestplate":1,"minecraft:diamond_block":1,"apocalypsenow:small_can":3,"quark:framed_glass_pane":1,"biomesoplenty:redwood_sapling":3,"minecraft:bowl":15,"minecraft:rotten_flesh":77,"biomesoplenty:redwood_planks":58,"minecraft:iron_boots":1,"apocalypsenow:red_football_armor_helmet":1,"minecraft:shulker_box":1,"apocalypsenow:baseball_bat":1,"minecraft:shulker_shell":1,"minecraft:leather_chestplate":2,"apocalypsenow:coffee":1,"apocalypsenow:fire_figther_leggings":1,"minecraft:diamond_pickaxe":1,"apocalypsenow:dagger":1,"apocalypsenow:peach_juice":3,"farmersdelight:minced_beef":6,"minecraft:stone_bricks":18,"minecraft:brown_carpet":3,"simplylight:illuminant_panel":1,"immersiveengineering:seed":1,"apocalypsenow:human_flesh":1},"minecraft:used":{"biomesoplenty:redwood_planks":5,"apocalypsenow:chips":8,"minecraft:rotten_flesh":8,"farmersdelight:melon_juice":9,"minecraft:torch":28,"minecraft:dirt":17,"apocalypsenow:apple_juice":1,"minecraft:shulker_box":10,"apocalypsenow:orange_juice":1,"farmersdelight:stuffed_pumpkin_block":2,"apocalypsenow:coffee":8,"minecraft:wooden_axe":1,"farmersdelight:vegetable_soup":10,"simplylight:illuminant_panel":1,"apocalypsenow:beer":2,"minecraft:lantern":2,"minecraft:iron_block":1,"farmersdelight:melon_popsicle":2,"minecraft:stone_bricks":11,"apocalypsenow:porpsi":7,"minecraft:potato":3,"farmersdelight:hamburger":2,"minecraft:brown_bed":3,"apocalypsenow:hawkbill_machete":55,"apocalypsenow:energy_drink":1,"apocalypsenow:electric_baton":59,"quark:framed_glass_pane":1,"minecraft:oak_planks":11,"biomesoplenty:redwood_sapling":1,"minecraft:wooden_pickaxe":23,"minecraft:cookie":6,"farmersdelight:chicken_sandwich":3,"minecraft:crafting_table":2,"apocalypsenow:coke":11,"farmersdelight:apple_cider":3,"minecraft:diamond_pickaxe":60,"apocalypsenow:tatical_mace":224,"minecraft:apple":2,"minecraft:bread":8,"quark:oak_hedge":1,"minecraft:gravel":8,"minecraft:spruce_sapling":1,"embellishcraft:smooth_basalt":1,"apocalypsenow:expedition_knife":26,"apocalypsenow:dagger":85,"minecraft:potion":32,"apocalypsenow:cereal":6,"minecraft:polished_blackstone_button":2,"farmersdelight:fruit_salad":2,"apocalypsenow:mace":193,"create:bar_of_chocolate":29,"embellishcraft:polished_marble":1,"minecraft:smooth_stone":1},"minecraft:custom":{"lootr:looted_stat":74,"minecraft:mob_kills":211,"minecraft:interact_with_crafting_table":5,"minecraft:open_barrel":8,"minecraft:open_shulker_box":37,"minecraft:damage_dealt_resisted":626,"minecraft:leave_game":6,"minecraft:time_since_death":11066,"minecraft:climb_one_cm":39709,"minecraft:sprint_one_cm":860535,"minecraft:walk_one_cm":491757,"minecraft:fridge_opened":2,"minecraft:drop":85,"minecraft:chair_used":5,"minecraft:damage_dealt_absorbed":160,"minecraft:play_time":170693,"minecraft:deaths":7,"minecraft:sneak_time":1514,"minecraft:walk_under_water_one_cm":5934,"minecraft:boat_one_cm":95227,"minecraft:jump":2532,"minecraft:drawer_searched":36,"minecraft:walk_on_water_one_cm":21748,"minecraft:total_world_time":170693,"minecraft:interact_with_furnace":2,"minecraft:toilet_used":1,"minecraft:stove_opened":3,"minecraft:sleep_in_bed":5,"minecraft:time_since_rest":11113,"minecraft:damage_taken":4580,"minecraft:damage_dealt":22664,"minecraft:swim_one_cm":88939,"minecraft:fly_one_cm":901811,"minecraft:open_chest":1,"minecraft:crouch_one_cm":3085,"minecraft:fall_one_cm":170137},"minecraft:mined":{"quark:iron_ladder":2,"rocks:pinecone":1,"minecraft:shulker_box":6,"minecraft:gray_stained_glass_pane":5,"simplylight:illuminant_panel":1,"minecraft:grass_block":9,"minecraft:spruce_leaves":2,"minecraft:spawner":12,"embellishcraft:smooth_basalt":2,"minecraft:smooth_stone":1,"minecraft:furnace":1,"create:vertical_framed_glass":2,"minecraft:diamond_block":1,"minecraft:brown_bed":3,"biomesoplenty:redwood_log":3,"minecraft:lantern":2,"minecraft:iron_block":2,"create:dark_oak_window_pane":2,"quark:smooth_stone_vertical_slab":1,"minecraft:brown_carpet":2,"quark:spruce_bookshelf":1,"minecraft:crafting_table":1,"minecraft:gray_stained_glass":2,"quark:framed_glass_pane":2,"create:framed_glass":2,"embellishcraft:polished_marble":1,"minecraft:deepslate_coal_ore":3,"minecraft:iron_door":2,"minecraft:wall_torch":15,"minecraft:black_stained_glass":2,"minecraft:birch_planks":1,"farmersdelight:stuffed_pumpkin_block":1,"minecraft:wither_rose":1,"minecraft:grass":1,"minecraft:oak_log":3,"minecraft:coal_ore":2,"quark:oak_hedge":1,"minecraft:gravel":10,"minecraft:dirt":4,"quark:dirty_glass_pane":1,"minecraft:cobweb":5,"minecraft:stone_bricks":4,"minecraft:oak_leaves":6,"minecraft:fern":1},"minecraft:crafted":{"minecraft:shulker_box":1,"apocalypsenow:u_sarmy_helmet":1,"biomesoplenty:redwood_planks":120,"minecraft:air":53}},"DataVersion":2975}