{"stats":{"minecraft:killed":{"undead_revamp2:thesmoker":7,"undead_revamp2:bomber":1,"zombie_extreme:runner":2,"zombie_extreme:crawler":1,"minecraft:husk":25,"undead_revamp2:the_moonflower":3,"minecraft:zombie":122,"zombie_extreme:infected_police":2},"minecraft:picked_up":{"minecraft:shulker_shell":1,"biomesoplenty:redwood_log":25,"embellishcraft:warning_steel_door":1,"apocalypsenow:blue_football_armor_helmet":1,"minecraft:brown_bed":6,"quark:gunpowder_sack":4,"minecraft:string":220,"minecraft:smooth_stone":2,"apocalypsenow:construction_boots":1,"minecraft:rose_bush":1,"minecraft:jungle_sapling":1,"embellishcraft:sturdy_steel_door":2,"cold_sweat:hoglin_hide":1,"embellishcraft:smooth_marble":26,"tac:m4":1,"minecraft:torch":17,"quark:smooth_quartz_vertical_slab":1,"biomesoplenty:redwood_planks":58,"minecraft:rotten_flesh":140,"apocalypsenow:baseball_bat":1,"createaddition:barbed_wire":2,"minecraft:iron_block":9,"apocalypsenow:red_football_armor_boots":1,"biomesoplenty:redwood_sapling":6,"minecraft:gold_ingot":2,"farmersdelight:melon_juice":1,"minecraft:cobblestone":58,"tac:round45":14,"minecraft:iron_door":11,"apocalypsenow:coffee":1,"tac:10_gauge_round":6,"createdeco:andesite_door":1,"minecraft:potato":1,"minecraft:birch_planks":2,"embellishcraft:polished_marble":2,"minecraft:lily_pad":1,"immersiveengineering:floodlight":1,"minecraft:gunpowder":1,"minecraft:lapis_lazuli":3,"minecraft:dirt":26,"minecraft:bone":120,"minecraft:stone_bricks":24,"minecraft:iron_ingot":2,"pfm:gray_mirror":1,"minecraft:glass_bottle":1,"tac:9mm_round":14,"apocalypsenow:red_football_armor_helmet":1,"apocalypsenow:u_sarmy_chestplate":1,"quark:smooth_stone_vertical_slab":2,"patchouli:guide_book":1,"apocalypsenow:police_leggings":1,"minecraft:diamond_block":1,"minecraft:shulker_box":14,"quark:oak_hedge":1,"minecraft:spruce_button":1,"embellishcraft:air_duct":1,"quark:gray_shard":5,"apocalypsenow:construction_helmet":1,"quark:gray_framed_glass":2,"minecraft:sunflower":1},"minecraft:dropped":{"farmersdelight:hamburger":3,"minecraft:iron_ingot":1,"quark:oak_hedge":1,"pfm:gray_mirror":1,"apocalypsenow:blue_football_armor_helmet":1,"apocalypsenow:canned_carrot":11,"minecraft:glass_bottle":6,"minecraft:diamond":4,"tac:round45":42,"tac:glock_18":1,"minecraft:cookie":3,"minecraft:cobblestone":58,"apocalypsenow:cereal":5,"apocalypsenow:police_leggings":1,"quark:gray_shard":5,"apocalypsenow:combat_knife":1,"tac:b_magnum":36,"apocalypsenow:canned_tomatos":10,"apocalypsenow:tatical_mace":1,"cold_sweat:hoglin_hide":1,"minecraft:dirt":23,"firstaid:bandage":39,"tac:m4":3,"minecraft:torch":48,"apocalypsenow:fire_figther_boots":1,"apocalypsenow:porpsi":12,"minecraft:potion":17,"minecraft:jungle_sapling":1,"farmersdelight:bacon":3,"apocalypsenow:u_sarmy_helmet":1,"minecraft:smooth_stone":2,"minecraft:string":8,"minecraft:lily_pad":1,"apocalypsenow:energy_drink":1,"apocalypsenow:expedition_knife":1,"minecraft:bone":4,"farmersdelight:melon_juice":6,"apocalypsenow:u_sarmy_chestplate":1,"apocalypsenow:grape_juice":3,"biomesoplenty:redwood_sapling":6,"minecraft:bowl":3,"embellishcraft:smooth_marble":1,"minecraft:rotten_flesh":37,"biomesoplenty:redwood_planks":17,"apocalypsenow:money":30,"refinedstorage:improved_processor":1,"apocalypsenow:red_football_armor_helmet":1,"minecraft:shulker_box":2,"apocalypsenow:canned_pork":4,"patchouli:guide_book":2,"apocalypsenow:apple_juice":6,"apocalypsenow:baseball_bat":1,"minecraft:shulker_shell":2,"create:bar_of_chocolate":38,"apocalypsenow:coffee":14,"embellishcraft:warning_steel_door":1,"apocalypsenow:dagger":1,"apocalypsenow:peach_juice":5,"minecraft:stone_bricks":13,"apocalypsenow:coke":38,"apocalypsenow:cleaver":1,"farmersdelight:apple_cider":5,"apocalypsenow:can_opener":2,"tac:9mm_round":32,"camera:album":1},"minecraft:used":{"apocalypsenow:butterfly_knife":71,"biomesoplenty:redwood_planks":64,"minecraft:chest":1,"farmersdelight:melon_juice":17,"minecraft:torch":18,"minecraft:dirt":2,"minecraft:shulker_box":12,"embellishcraft:smooth_marble":6,"apocalypsenow:coffee":1,"farmersdelight:vegetable_soup":2,"apocalypsenow:baseball_bat":3,"minecraft:stone_bricks":11,"farmersdelight:tomato_sauce":1,"apocalypsenow:porpsi":2,"apocalypsenow:combat_knife":1,"apocalypsenow:night_stick":118,"minecraft:brown_bed":5,"apocalypsenow:energy_drink":1,"minecraft:wooden_pickaxe":15,"immersiveengineering:floodlight":1,"minecraft:crafting_table":1,"apocalypsenow:coke":3,"minecraft:bread":8,"create:sweet_roll":27,"apocalypsenow:dagger":8,"minecraft:potion":8,"create:bar_of_chocolate":3,"apocalypsenow:mace":428},"minecraft:custom":{"lootr:looted_stat":88,"minecraft:mob_kills":170,"minecraft:interact_with_crafting_table":5,"minecraft:open_barrel":4,"minecraft:open_shulker_box":20,"minecraft:damage_dealt_resisted":839,"minecraft:leave_game":1,"minecraft:time_since_death":164009,"minecraft:climb_one_cm":15578,"minecraft:sprint_one_cm":565880,"minecraft:walk_one_cm":544406,"minecraft:fridge_opened":24,"minecraft:drop":86,"minecraft:play_time":164009,"minecraft:sneak_time":4563,"minecraft:walk_under_water_one_cm":4217,"minecraft:boat_one_cm":562,"minecraft:jump":2645,"minecraft:drawer_searched":39,"minecraft:walk_on_water_one_cm":10080,"minecraft:total_world_time":164009,"minecraft:stove_opened":2,"minecraft:sleep_in_bed":8,"minecraft:cabinet_searched":4,"minecraft:time_since_rest":83652,"minecraft:damage_taken":2181,"minecraft:damage_dealt":16225,"minecraft:swim_one_cm":18645,"minecraft:fly_one_cm":1367374,"minecraft:freezer_opened":10,"minecraft:player_kills":1,"minecraft:open_chest":7,"minecraft:crouch_one_cm":13384,"minecraft:fall_one_cm":331748},"minecraft:mined":{"createdeco:andesite_door":1,"quark:smooth_quartz_vertical_slab":1,"embellishcraft:sturdy_steel_door":2,"embellishcraft:air_duct":2,"minecraft:dark_oak_leaves":1,"farmersdelight:canvas_rug":1,"minecraft:shulker_box":14,"minecraft:gray_stained_glass_pane":4,"minecraft:dark_oak_fence":1,"minecraft:grass_block":9,"minecraft:white_concrete":1,"minecraft:spruce_leaves":1,"minecraft:spawner":59,"minecraft:smooth_stone":2,"create:framed_glass_pane":2,"create:vertical_framed_glass":3,"another_furniture:spruce_drawer":2,"minecraft:fire":2,"minecraft:brown_bed":6,"minecraft:dark_oak_stairs":2,"biomesoplenty:redwood_log":1,"minecraft:stone":64,"minecraft:iron_block":9,"create:dark_oak_window_pane":5,"immersiveengineering:floodlight":1,"quark:smooth_stone_vertical_slab":6,"minecraft:quartz_block":6,"minecraft:cyan_terracotta":5,"quark:spruce_bookshelf":4,"minecraft:spruce_button":1,"minecraft:gray_stained_glass":2,"quark:framed_glass_pane":1,"embellishcraft:polished_marble":3,"quark:gray_framed_glass":2,"minecraft:iron_door":15,"createaddition:barbed_wire":2,"minecraft:birch_planks":7,"farmersdelight:skillet":1,"quark:gunpowder_sack":4,"embellishcraft:smooth_marble":39,"quark:oak_hedge":1,"minecraft:sunflower":1,"minecraft:smooth_quartz":7,"minecraft:dirt":21,"minecraft:stone_bricks":24,"cfm:cyan_kitchen_counter":2,"minecraft:iron_trapdoor":1},"minecraft:crafted":{"minecraft:shulker_box":3,"minecraft:air":106}},"DataVersion":2975}